Employee_ID,Name,Age,Gender,Department,Job_Role,Experience_Years,Salary,Location,Education,Attrition,Performance_Rating
1,Shaurya Patel,40,Female,Marketing,Manager,6,36968,Bangalore,Post Graduate,Yes,2
2,Sai Sharma,60,Male,Marketing,Associate,11,36249,Hyderabad,Post Graduate,No,2
3,Reyansh Sharma,37,Female,IT,Associate,7,85099,Hyderabad,Diploma,Yes,2
4,Pari Patel,42,Male,Operations,Analyst,15,107875,Pune,Graduate,No,1
5,Aarav Singh,53,Male,Finance,Team Lead,10,37482,Chennai,Graduate,Yes,2
6,Shaurya Patel,45,Female,HR,Associate,2,61982,Pune,Post Graduate,No,4
7,Arjun Singh,56,Male,Finance,Manager,10,107728,Chennai,Graduate,Yes,1
8,Saanvi Singh,27,Female,Sales,Analyst,10,86757,Mumbai,Diploma,Yes,3
9,Reyansh Sharma,57,Female,Sales,Manager,11,100034,Mumbai,Post Graduate,No,5
10,Anika Nair,56,Female,Marketing,Manager,9,60448,Mumbai,Diploma,Yes,1
11,Saanvi Patel,42,Male,Marketing,Manager,10,42104,Bangalore,Post Graduate,Yes,3
12,Diya Patel,60,Female,Finance,Manager,1,82905,Chennai,Post Graduate,Yes,3
13,Ira Sharma,24,Male,Marketing,Team Lead,3,109052,Pune,Post Graduate,No,1
14,Sara Sharma,36,Male,IT,Executive,12,53731,Pune,Graduate,Yes,3
15,Pari Sharma,59,Female,Finance,Manager,6,64795,Delhi,Post Graduate,Yes,1
16,Ananya Nair,34,Male,Finance,Team Lead,14,90005,Chennai,Post Graduate,No,5
17,Pari Nair,41,Male,Finance,Associate,12,36631,Hyderabad,Post Graduate,Yes,2
18,Myra Patel,49,Male,IT,Team Lead,8,31832,Hyderabad,Post Graduate,Yes,2
19,Ira Sharma,28,Male,HR,Analyst,12,72364,Chennai,Post Graduate,No,2
20,Sai Khan,48,Male,Operations,Executive,11,72005,Chennai,Post Graduate,Yes,2
21,Sara Khan,40,Female,Finance,Team Lead,5,78070,Hyderabad,Post Graduate,No,4
22,Vivaan Sharma,55,Female,Finance,Team Lead,15,50542,Delhi,Diploma,Yes,3
23,Saanvi Nair,24,Female,Sales,Associate,2,75213,Mumbai,Diploma,No,5
24,Navya Patel,51,Female,Finance,Associate,8,35996,Bangalore,Graduate,Yes,3
25,Reyansh Patel,28,Male,Marketing,Associate,8,45024,Pune,Post Graduate,Yes,2
26,Vihaan Khan,23,Male,HR,Associate,2,73145,Bangalore,Post Graduate,Yes,4
27,Reyansh Sharma,54,Male,IT,Executive,13,45788,Pune,Graduate,Yes,3
28,Myra Sharma,51,Male,Sales,Executive,8,64379,Bangalore,Post Graduate,Yes,3
29,Aarav Sharma,56,Male,Marketing,Team Lead,5,88644,Chennai,Post Graduate,No,1
30,Diya Khan,34,Female,Sales,Analyst,1,110968,Bangalore,Post Graduate,No,1
31,Pari Patel,55,Male,Operations,Analyst,3,100516,Chennai,Diploma,No,2
32,Sai Nair,40,Female,Operations,Analyst,11,25564,Bangalore,Post Graduate,No,3
33,Reyansh Sharma,30,Male,Finance,Executive,12,107523,Hyderabad,Graduate,No,3
34,Diya Patel,25,Male,IT,Team Lead,7,106102,Pune,Graduate,No,5
35,Shaurya Nair,36,Male,Operations,Manager,2,58776,Hyderabad,Post Graduate,No,4
36,Aadhya Nair,34,Male,Operations,Analyst,14,85721,Chennai,Graduate,Yes,2
37,Ira Khan,25,Female,IT,Associate,12,118456,Mumbai,Post Graduate,No,1
38,Vihaan Sharma,31,Male,Finance,Executive,14,112403,Mumbai,Graduate,No,5
39,Pari Patel,23,Male,HR,Executive,14,59300,Bangalore,Graduate,Yes,1
40,Aditya Patel,50,Male,Sales,Team Lead,13,40770,Delhi,Diploma,Yes,2
41,Aadhya Patel,49,Female,Finance,Team Lead,9,33203,Chennai,Diploma,No,1
42,Ira Nair,43,Male,Sales,Manager,5,99536,Mumbai,Post Graduate,Yes,4
43,Vivaan Patel,28,Female,Finance,Associate,4,68698,Delhi,Diploma,No,1
44,Krishna Singh,48,Female,Operations,Manager,6,105950,Hyderabad,Graduate,Yes,3
45,Krishna Khan,23,Male,HR,Executive,12,90503,Delhi,Graduate,Yes,3
46,Shaurya Sharma,41,Female,Sales,Analyst,1,56895,Delhi,Graduate,No,4
47,Shaurya Nair,26,Male,Finance,Analyst,1,118464,Delhi,Diploma,Yes,2
48,Vihaan Singh,28,Female,IT,Associate,8,116632,Hyderabad,Graduate,No,3
49,Ira Singh,60,Female,IT,Team Lead,7,22193,Delhi,Graduate,No,5
50,Reyansh Sharma,47,Male,IT,Team Lead,15,79671,Pune,Graduate,Yes,1
51,Sai Khan,44,Male,Operations,Analyst,13,86758,Delhi,Post Graduate,No,4
52,Aarav Khan,40,Male,Sales,Associate,12,42120,Hyderabad,Diploma,Yes,5
53,Shaurya Singh,41,Male,Operations,Manager,2,67434,Pune,Graduate,Yes,4
54,Shaurya Patel,27,Male,Sales,Team Lead,6,74713,Pune,Post Graduate,No,3
55,Aadhya Singh,26,Male,Marketing,Analyst,15,78281,Pune,Post Graduate,No,1
56,Krishna Khan,40,Female,Operations,Analyst,10,94760,Chennai,Post Graduate,Yes,4
57,Arjun Patel,36,Male,HR,Analyst,1,77041,Hyderabad,Diploma,Yes,2
58,Vivaan Nair,21,Female,HR,Associate,1,62632,Chennai,Post Graduate,No,3
59,Ishaan Khan,53,Female,IT,Associate,14,91153,Bangalore,Post Graduate,No,3
60,Saanvi Singh,43,Female,IT,Team Lead,13,117710,Chennai,Graduate,No,3
61,Saanvi Khan,25,Female,Operations,Team Lead,9,85584,Chennai,Post Graduate,Yes,2
62,Anika Khan,48,Female,Operations,Associate,8,20474,Delhi,Post Graduate,No,1
63,Navya Patel,54,Male,IT,Team Lead,15,102377,Delhi,Graduate,No,1
64,Arjun Singh,44,Female,Operations,Associate,0,86677,Chennai,Diploma,Yes,3
65,Shaurya Khan,36,Female,Operations,Associate,0,49861,Pune,Post Graduate,No,2
66,Shaurya Singh,43,Female,HR,Analyst,12,60106,Bangalore,Post Graduate,No,5
67,Ananya Patel,37,Male,HR,Associate,10,78134,Delhi,Graduate,Yes,2
68,Diya Patel,31,Male,Sales,Manager,9,80904,Chennai,Graduate,No,5
69,Krishna Nair,37,Female,Operations,Executive,5,24511,Mumbai,Graduate,Yes,3
70,Arjun Patel,47,Male,Operations,Team Lead,0,102841,Delhi,Post Graduate,No,3
71,Myra Patel,28,Female,Finance,Team Lead,9,28317,Mumbai,Graduate,No,1
72,Arjun Nair,41,Male,IT,Associate,1,45890,Mumbai,Graduate,No,5
73,Aarav Sharma,38,Female,Operations,Analyst,15,44314,Bangalore,Diploma,No,3
74,Shaurya Nair,25,Female,HR,Analyst,9,90538,Bangalore,Graduate,Yes,3
75,Arjun Singh,44,Male,Marketing,Manager,7,114042,Pune,Diploma,Yes,4
76,Ananya Patel,37,Female,HR,Team Lead,4,34260,Hyderabad,Post Graduate,No,5
77,Ishaan Singh,56,Male,Marketing,Associate,8,109265,Hyderabad,Post Graduate,Yes,4
78,Vivaan Singh,43,Female,Marketing,Analyst,6,52697,Pune,Post Graduate,Yes,1
79,Pari Khan,39,Male,IT,Executive,9,73419,Bangalore,Graduate,Yes,2
80,Krishna Patel,40,Male,Sales,Team Lead,14,96179,Hyderabad,Graduate,No,4
81,Reyansh Nair,22,Male,IT,Team Lead,6,27120,Bangalore,Graduate,Yes,4
82,Ira Nair,57,Male,Sales,Team Lead,14,112924,Mumbai,Post Graduate,No,5
83,Ira Khan,33,Male,Sales,Associate,11,114747,Delhi,Graduate,No,2
84,Anika Khan,40,Male,Finance,Analyst,11,26328,Hyderabad,Diploma,Yes,3
85,Reyansh Patel,29,Female,Operations,Team Lead,6,69820,Delhi,Graduate,Yes,5
86,Saanvi Singh,24,Female,Operations,Associate,13,38177,Delhi,Graduate,No,4
87,Diya Nair,37,Female,IT,Manager,6,84166,Pune,Post Graduate,No,2
88,Krishna Khan,27,Male,Operations,Team Lead,2,21683,Pune,Diploma,Yes,1
89,Ishaan Patel,45,Female,HR,Executive,0,40919,Delhi,Post Graduate,Yes,4
90,Reyansh Patel,53,Male,Marketing,Associate,10,34667,Chennai,Diploma,Yes,3
91,Aditya Singh,34,Male,IT,Analyst,8,58156,Mumbai,Post Graduate,Yes,4
92,Krishna Patel,38,Female,Marketing,Executive,10,54627,Pune,Diploma,Yes,2
93,Sai Nair,45,Male,IT,Associate,1,103370,Chennai,Post Graduate,No,2
94,Sara Sharma,52,Male,HR,Analyst,3,38571,Chennai,Graduate,Yes,1
95,Sai Patel,23,Female,HR,Analyst,0,46217,Hyderabad,Graduate,Yes,2
96,Sai Patel,55,Female,Finance,Associate,9,38017,Chennai,Graduate,No,1
97,Ira Singh,24,Female,Marketing,Manager,6,99161,Chennai,Diploma,Yes,1
98,Sai Sharma,43,Male,Marketing,Executive,14,105902,Delhi,Graduate,No,5
99,Diya Sharma,60,Female,Marketing,Manager,13,64348,Delhi,Graduate,Yes,2
100,Saanvi Patel,52,Female,Operations,Executive,1,90650,Mumbai,Diploma,No,2
101,Saanvi Singh,21,Male,IT,Associate,9,32455,Bangalore,Graduate,No,3
102,Reyansh Khan,23,Male,Marketing,Manager,11,57369,Pune,Graduate,Yes,3
103,Vihaan Nair,27,Male,Sales,Executive,11,34384,Mumbai,Graduate,Yes,4
104,Diya Khan,29,Male,Finance,Team Lead,1,114863,Chennai,Graduate,No,3
105,Reyansh Singh,48,Female,Sales,Executive,8,117659,Delhi,Graduate,Yes,2
106,Aarav Sharma,54,Female,IT,Team Lead,2,21162,Chennai,Post Graduate,No,5
107,Vihaan Sharma,38,Female,Operations,Executive,15,43556,Pune,Diploma,No,4
108,Ananya Singh,42,Female,Marketing,Executive,15,115031,Hyderabad,Graduate,Yes,1
109,Vihaan Singh,41,Male,Marketing,Associate,11,39509,Pune,Diploma,Yes,4
110,Vihaan Sharma,52,Male,Finance,Executive,13,23422,Pune,Post Graduate,No,2
111,Aditya Singh,43,Female,Operations,Analyst,0,48853,Bangalore,Diploma,Yes,3
112,Sara Nair,56,Male,Operations,Team Lead,7,76111,Mumbai,Diploma,Yes,4
113,Aditya Sharma,53,Male,HR,Executive,13,79482,Bangalore,Graduate,Yes,3
114,Ira Sharma,23,Female,Sales,Analyst,10,47737,Hyderabad,Post Graduate,No,1
115,Reyansh Singh,30,Male,Operations,Team Lead,8,63010,Pune,Graduate,No,5
116,Aditya Sharma,49,Male,Sales,Executive,13,40072,Bangalore,Graduate,No,3
117,Krishna Patel,47,Male,Marketing,Executive,9,97227,Hyderabad,Post Graduate,No,2
118,Sai Singh,29,Male,Sales,Team Lead,12,37772,Bangalore,Graduate,No,1
119,Pari Sharma,33,Female,HR,Associate,3,50382,Bangalore,Diploma,No,5
120,Reyansh Nair,52,Female,HR,Manager,1,88184,Delhi,Diploma,Yes,4
121,Myra Nair,46,Male,Marketing,Associate,2,62410,Chennai,Diploma,Yes,1
122,Pari Singh,28,Male,Operations,Analyst,5,59910,Chennai,Diploma,No,5
123,Vihaan Patel,53,Male,Finance,Manager,14,29847,Pune,Diploma,Yes,4
124,Shaurya Khan,35,Female,IT,Associate,7,32072,Delhi,Graduate,No,5
125,Sara Nair,59,Female,HR,Executive,8,35683,Mumbai,Graduate,No,2
126,Saanvi Nair,38,Male,HR,Analyst,14,116691,Hyderabad,Graduate,Yes,2
127,Sara Khan,40,Male,HR,Analyst,14,84897,Delhi,Graduate,Yes,1
128,Ira Nair,50,Male,IT,Team Lead,3,109990,Chennai,Diploma,Yes,1
129,Arjun Singh,27,Female,Operations,Manager,7,40047,Bangalore,Post Graduate,No,5
130,Arjun Patel,50,Male,Sales,Analyst,8,35031,Bangalore,Post Graduate,Yes,3
131,Sai Singh,52,Female,Finance,Associate,4,93840,Pune,Diploma,Yes,1
132,Myra Khan,55,Male,Operations,Manager,10,37196,Bangalore,Diploma,Yes,5
133,Vihaan Singh,55,Male,IT,Associate,2,46508,Bangalore,Post Graduate,No,4
134,Ananya Singh,52,Female,HR,Associate,0,42223,Mumbai,Graduate,Yes,3
135,Diya Singh,58,Male,Marketing,Analyst,7,102701,Hyderabad,Graduate,Yes,4
136,Aarav Khan,23,Male,Sales,Manager,2,62191,Chennai,Diploma,Yes,2
137,Ananya Nair,45,Female,IT,Manager,9,34560,Delhi,Graduate,Yes,3
138,Myra Patel,45,Male,IT,Team Lead,4,35818,Chennai,Graduate,Yes,4
139,Sai Khan,50,Female,Finance,Associate,2,32861,Bangalore,Diploma,No,1
140,Vihaan Singh,32,Male,Finance,Executive,14,97889,Hyderabad,Post Graduate,Yes,4
141,Anika Khan,42,Male,IT,Team Lead,14,56631,Bangalore,Diploma,No,2
142,Aarav Khan,23,Male,HR,Associate,4,82099,Mumbai,Graduate,Yes,5
143,Shaurya Nair,54,Male,HR,Team Lead,11,119349,Chennai,Post Graduate,No,3
144,Ananya Nair,28,Male,IT,Executive,5,26845,Mumbai,Post Graduate,Yes,5
145,Diya Sharma,27,Female,HR,Analyst,6,79079,Pune,Graduate,Yes,1
146,Reyansh Nair,22,Female,HR,Analyst,7,45966,Delhi,Diploma,No,3
147,Navya Patel,59,Female,IT,Associate,14,102890,Chennai,Diploma,Yes,5
148,Aditya Khan,27,Female,Sales,Analyst,3,109314,Mumbai,Post Graduate,No,3
149,Reyansh Singh,43,Male,Operations,Team Lead,1,34550,Hyderabad,Graduate,Yes,2
150,Sara Nair,23,Female,Operations,Associate,2,72019,Chennai,Diploma,Yes,1
151,Ananya Khan,56,Female,Operations,Manager,6,29652,Chennai,Post Graduate,No,2
152,Aarav Khan,36,Male,HR,Manager,11,118753,Pune,Diploma,Yes,2
153,Sara Patel,42,Female,Operations,Associate,12,93834,Delhi,Diploma,Yes,1
154,Reyansh Khan,60,Male,Marketing,Manager,14,112252,Mumbai,Graduate,No,3
155,Pari Sharma,52,Female,HR,Team Lead,5,67800,Chennai,Graduate,Yes,5
156,Aditya Khan,33,Male,Sales,Manager,1,47169,Bangalore,Graduate,Yes,1
157,Ira Singh,58,Male,Operations,Analyst,6,20041,Pune,Diploma,Yes,2
158,Shaurya Nair,40,Female,Operations,Associate,9,61740,Chennai,Graduate,No,2
159,Aditya Nair,23,Female,Finance,Team Lead,0,94994,Pune,Diploma,No,5
160,Saanvi Sharma,28,Male,IT,Analyst,0,23434,Chennai,Graduate,Yes,3
161,Diya Patel,22,Male,Operations,Executive,8,104226,Hyderabad,Diploma,No,5
162,Myra Singh,43,Male,Sales,Team Lead,5,39764,Mumbai,Diploma,No,1
163,Diya Singh,52,Male,HR,Executive,12,75806,Chennai,Post Graduate,No,4
164,Saanvi Khan,39,Male,HR,Manager,11,71124,Hyderabad,Post Graduate,No,3
165,Aarav Sharma,37,Female,HR,Manager,8,98741,Mumbai,Diploma,No,4
166,Arjun Khan,43,Female,Operations,Team Lead,1,24604,Mumbai,Diploma,No,4
167,Ishaan Khan,25,Female,Operations,Analyst,0,115470,Bangalore,Graduate,No,2
168,Ishaan Nair,44,Female,IT,Analyst,7,33881,Mumbai,Graduate,Yes,5
169,Myra Nair,27,Female,HR,Manager,9,65604,Pune,Post Graduate,No,3
170,Navya Sharma,40,Male,Finance,Executive,8,84113,Bangalore,Graduate,No,1
171,Saanvi Khan,22,Male,HR,Manager,12,38543,Chennai,Post Graduate,No,3
172,Shaurya Nair,41,Male,Sales,Analyst,3,69672,Delhi,Post Graduate,Yes,4
173,Vivaan Patel,60,Male,Marketing,Team Lead,7,46642,Hyderabad,Graduate,No,2
174,Saanvi Sharma,37,Female,IT,Analyst,7,52948,Mumbai,Post Graduate,Yes,2
175,Navya Singh,39,Male,Operations,Analyst,0,109324,Mumbai,Graduate,No,1
176,Arjun Patel,27,Male,HR,Analyst,1,80832,Mumbai,Graduate,No,1
177,Vivaan Khan,47,Female,Sales,Executive,10,28922,Mumbai,Post Graduate,Yes,1
178,Navya Khan,35,Female,IT,Executive,11,53477,Bangalore,Graduate,No,1
179,Krishna Sharma,22,Female,Marketing,Associate,15,89952,Chennai,Diploma,Yes,1
180,Aarav Patel,22,Male,Marketing,Team Lead,9,76554,Delhi,Post Graduate,No,4
181,Sai Sharma,44,Male,Operations,Associate,7,32328,Delhi,Graduate,No,5
182,Saanvi Nair,55,Female,IT,Associate,6,27199,Delhi,Graduate,No,5
183,Sara Singh,27,Female,HR,Team Lead,5,105615,Chennai,Diploma,Yes,1
184,Ishaan Khan,34,Female,Marketing,Executive,6,32469,Chennai,Graduate,No,3
185,Reyansh Nair,50,Female,Finance,Executive,7,73317,Pune,Post Graduate,No,4
186,Anika Patel,56,Male,Operations,Executive,13,59995,Mumbai,Diploma,No,4
187,Sai Nair,29,Female,Operations,Executive,12,110093,Pune,Diploma,Yes,3
188,Vihaan Singh,48,Female,Marketing,Manager,4,72000,Pune,Graduate,Yes,3
189,Vihaan Khan,21,Female,Operations,Executive,3,28211,Delhi,Post Graduate,Yes,4
190,Sai Nair,31,Male,Operations,Analyst,12,36468,Chennai,Diploma,Yes,4
191,Ananya Khan,26,Female,Finance,Analyst,11,115545,Hyderabad,Diploma,No,2
192,Ishaan Patel,51,Female,Sales,Analyst,9,63322,Pune,Diploma,Yes,5
193,Reyansh Patel,39,Male,IT,Executive,3,82333,Delhi,Diploma,No,4
194,Myra Patel,53,Male,Operations,Manager,13,97447,Delhi,Graduate,No,4
195,Ira Patel,22,Female,Operations,Executive,2,114974,Bangalore,Post Graduate,No,1
196,Arjun Khan,37,Female,Sales,Team Lead,8,61674,Delhi,Graduate,Yes,5
197,Diya Patel,23,Male,Marketing,Analyst,4,39919,Bangalore,Diploma,Yes,1
198,Ishaan Singh,57,Male,Operations,Team Lead,7,64127,Mumbai,Diploma,Yes,1
199,Aditya Nair,46,Female,Marketing,Team Lead,13,114682,Bangalore,Diploma,No,3
200,Aditya Sharma,51,Male,IT,Team Lead,6,21985,Bangalore,Post Graduate,No,4
201,Aditya Sharma,47,Male,Marketing,Executive,11,89516,Chennai,Graduate,No,2
202,Aditya Patel,57,Female,HR,Analyst,5,60249,Delhi,Graduate,No,2
203,Anika Khan,46,Female,Marketing,Manager,3,20445,Bangalore,Post Graduate,No,1
204,Diya Nair,55,Female,Sales,Associate,7,65769,Delhi,Graduate,No,4
205,Diya Khan,40,Female,Sales,Team Lead,9,115169,Delhi,Diploma,No,3
206,Ananya Singh,32,Female,Marketing,Executive,15,68454,Pune,Graduate,No,5
207,Ananya Khan,48,Female,HR,Associate,6,66432,Hyderabad,Graduate,Yes,1
208,Arjun Sharma,37,Male,Sales,Manager,3,113089,Hyderabad,Graduate,Yes,5
209,Sai Singh,55,Female,HR,Analyst,3,36451,Hyderabad,Graduate,No,3
210,Vivaan Patel,59,Female,Marketing,Analyst,1,59022,Chennai,Graduate,Yes,2
211,Vivaan Nair,22,Male,Marketing,Analyst,11,82994,Bangalore,Diploma,Yes,2
212,Ira Sharma,25,Female,HR,Executive,7,104115,Pune,Graduate,No,1
213,Vivaan Nair,23,Female,Marketing,Executive,1,86365,Delhi,Post Graduate,No,3
214,Aarav Singh,43,Female,IT,Manager,1,86548,Bangalore,Post Graduate,Yes,5
215,Navya Patel,46,Female,Sales,Executive,3,106550,Mumbai,Post Graduate,No,2
216,Sara Sharma,56,Female,IT,Team Lead,11,24686,Mumbai,Graduate,No,1
217,Sara Nair,28,Male,HR,Team Lead,10,64219,Bangalore,Graduate,No,4
218,Shaurya Sharma,41,Female,Finance,Associate,0,106746,Chennai,Graduate,No,2
219,Krishna Patel,50,Female,Marketing,Manager,7,34831,Hyderabad,Post Graduate,No,2
220,Ishaan Singh,60,Male,Operations,Analyst,8,43477,Bangalore,Diploma,No,5
221,Pari Nair,26,Male,IT,Team Lead,3,70970,Delhi,Graduate,No,3
222,Arjun Patel,48,Female,Marketing,Team Lead,14,77860,Chennai,Diploma,Yes,1
223,Vihaan Singh,43,Female,IT,Executive,1,93782,Chennai,Graduate,Yes,5
224,Pari Sharma,48,Male,HR,Analyst,11,108129,Hyderabad,Diploma,No,5
225,Aadhya Sharma,54,Male,IT,Analyst,4,102619,Chennai,Post Graduate,Yes,1
226,Vivaan Khan,51,Male,Marketing,Manager,13,109132,Pune,Graduate,Yes,4
227,Shaurya Singh,32,Female,HR,Team Lead,13,25035,Hyderabad,Post Graduate,Yes,4
228,Reyansh Nair,55,Female,Operations,Manager,4,76408,Chennai,Diploma,No,2
229,Vivaan Patel,54,Female,Marketing,Manager,7,52161,Hyderabad,Post Graduate,No,4
230,Reyansh Sharma,53,Female,HR,Analyst,7,48016,Chennai,Graduate,No,2
231,Shaurya Sharma,31,Male,Finance,Analyst,2,43536,Mumbai,Post Graduate,No,2
232,Diya Patel,21,Male,Sales,Team Lead,9,50259,Bangalore,Graduate,No,5
233,Aarav Patel,28,Female,HR,Associate,1,64614,Chennai,Post Graduate,No,1
234,Aditya Sharma,42,Female,Sales,Manager,2,92579,Chennai,Graduate,Yes,1
235,Sara Patel,47,Male,Operations,Manager,13,79569,Pune,Diploma,No,2
236,Ira Khan,48,Male,Operations,Associate,1,67793,Chennai,Post Graduate,No,2
237,Reyansh Nair,48,Male,Operations,Executive,10,53153,Pune,Graduate,Yes,3
238,Diya Khan,57,Female,Finance,Associate,10,29981,Hyderabad,Diploma,Yes,4
239,Ira Nair,43,Male,Operations,Manager,6,77069,Delhi,Post Graduate,Yes,1
240,Reyansh Khan,58,Female,IT,Analyst,15,108430,Mumbai,Diploma,Yes,2
241,Navya Singh,50,Female,Operations,Manager,9,54886,Delhi,Graduate,No,3
242,Ishaan Singh,50,Female,HR,Manager,7,55482,Pune,Diploma,Yes,1
243,Myra Khan,40,Female,Sales,Team Lead,14,115656,Delhi,Diploma,No,4
244,Ishaan Khan,30,Female,IT,Team Lead,4,76742,Mumbai,Diploma,Yes,1
245,Aditya Khan,25,Male,IT,Analyst,7,54170,Delhi,Diploma,Yes,4
246,Sara Sharma,49,Female,Marketing,Associate,10,75732,Hyderabad,Graduate,Yes,2
247,Myra Patel,46,Female,Operations,Manager,3,66008,Pune,Graduate,Yes,5
248,Saanvi Sharma,28,Female,Finance,Executive,8,72096,Chennai,Diploma,No,1
249,Diya Sharma,56,Female,IT,Team Lead,9,86979,Chennai,Diploma,No,5
250,Aarav Patel,46,Female,Marketing,Associate,10,33939,Mumbai,Post Graduate,Yes,4
251,Vihaan Patel,30,Female,IT,Analyst,2,92147,Mumbai,Graduate,No,5
252,Ira Khan,59,Male,Finance,Manager,1,95003,Chennai,Graduate,Yes,3
253,Vivaan Nair,48,Male,Finance,Executive,0,79083,Delhi,Diploma,No,1
254,Myra Singh,36,Female,Sales,Analyst,12,76299,Hyderabad,Diploma,Yes,4
255,Arjun Khan,56,Female,Finance,Executive,8,89864,Bangalore,Post Graduate,No,3
256,Aarav Nair,57,Male,IT,Associate,15,73110,Mumbai,Post Graduate,No,3
257,Myra Sharma,28,Male,HR,Manager,0,55147,Delhi,Graduate,No,5
258,Ananya Nair,27,Male,Marketing,Team Lead,5,37938,Mumbai,Post Graduate,Yes,4
259,Reyansh Khan,44,Female,Operations,Executive,6,112261,Delhi,Post Graduate,No,3
260,Vihaan Singh,42,Female,Marketing,Associate,4,66740,Pune,Post Graduate,Yes,1
261,Aarav Singh,55,Female,IT,Manager,11,23248,Chennai,Diploma,Yes,2
262,Aadhya Patel,35,Female,IT,Team Lead,9,100334,Hyderabad,Diploma,No,5
263,Reyansh Sharma,47,Male,IT,Associate,10,115195,Hyderabad,Post Graduate,Yes,1
264,Sara Khan,48,Male,HR,Executive,14,69989,Pune,Graduate,Yes,1
265,Sara Patel,22,Male,Finance,Team Lead,14,98272,Delhi,Diploma,No,3
266,Arjun Nair,31,Female,IT,Manager,13,75306,Pune,Post Graduate,Yes,3
267,Vivaan Nair,54,Female,IT,Team Lead,10,92542,Chennai,Diploma,No,4
268,Diya Singh,35,Female,HR,Analyst,14,50108,Chennai,Post Graduate,Yes,2
269,Sara Sharma,25,Male,Finance,Analyst,7,109746,Chennai,Post Graduate,Yes,4
270,Ira Nair,55,Male,IT,Associate,1,107091,Mumbai,Post Graduate,Yes,3
271,Sai Singh,49,Male,Sales,Manager,15,51550,Bangalore,Diploma,Yes,1
272,Aarav Nair,41,Male,Operations,Team Lead,14,32423,Mumbai,Graduate,Yes,1
273,Vihaan Patel,28,Female,HR,Executive,3,104538,Mumbai,Diploma,Yes,3
274,Sai Sharma,46,Male,IT,Executive,3,51515,Delhi,Post Graduate,Yes,1
275,Diya Sharma,22,Female,Operations,Associate,4,62907,Delhi,Graduate,Yes,4
276,Vivaan Singh,58,Female,IT,Executive,15,84824,Delhi,Graduate,Yes,2
277,Ananya Nair,38,Female,HR,Associate,8,56657,Hyderabad,Post Graduate,No,3
278,Navya Patel,40,Female,IT,Team Lead,10,34796,Hyderabad,Diploma,Yes,2
279,Ira Khan,29,Male,HR,Associate,14,81446,Chennai,Graduate,No,2
280,Ananya Singh,33,Female,Sales,Associate,4,92923,Hyderabad,Post Graduate,Yes,5
281,Sara Sharma,32,Female,Finance,Manager,6,95253,Mumbai,Graduate,Yes,2
282,Anika Nair,48,Male,Operations,Team Lead,3,47361,Hyderabad,Graduate,Yes,4
283,Ishaan Sharma,29,Male,Sales,Team Lead,8,99091,Chennai,Graduate,Yes,5
284,Reyansh Khan,49,Female,IT,Associate,13,49902,Delhi,Post Graduate,No,4
285,Ira Khan,54,Female,Finance,Executive,6,84400,Chennai,Post Graduate,No,4
286,Ananya Sharma,49,Female,IT,Team Lead,6,100495,Delhi,Post Graduate,No,2
287,Krishna Patel,30,Male,IT,Manager,13,81127,Bangalore,Post Graduate,No,3
288,Sara Singh,23,Male,Sales,Analyst,12,110544,Hyderabad,Post Graduate,No,1
289,Aadhya Khan,49,Female,Finance,Executive,0,109191,Bangalore,Graduate,Yes,1
290,Aditya Singh,43,Female,Marketing,Team Lead,8,27409,Pune,Diploma,No,1
291,Saanvi Khan,31,Male,HR,Analyst,10,97150,Pune,Diploma,No,1
292,Navya Nair,53,Female,Marketing,Manager,0,21763,Bangalore,Diploma,No,1
293,Diya Nair,57,Female,HR,Manager,15,58622,Pune,Graduate,No,3
294,Aarav Singh,47,Female,IT,Associate,7,73090,Chennai,Diploma,Yes,5
295,Sai Khan,52,Female,IT,Team Lead,14,74329,Delhi,Diploma,No,5
296,Pari Singh,35,Female,Finance,Associate,6,101170,Mumbai,Diploma,Yes,4
297,Navya Sharma,58,Female,IT,Team Lead,2,25703,Delhi,Post Graduate,Yes,3
298,Pari Patel,33,Female,HR,Manager,1,96787,Chennai,Diploma,Yes,3
299,Aditya Nair,39,Female,Finance,Executive,0,83308,Bangalore,Graduate,Yes,3
300,Ishaan Patel,53,Female,Operations,Manager,5,30155,Bangalore,Post Graduate,No,5
301,Aditya Patel,52,Female,HR,Manager,6,71492,Mumbai,Post Graduate,Yes,2
302,Krishna Khan,34,Female,HR,Team Lead,8,36738,Mumbai,Graduate,Yes,1
303,Ananya Singh,27,Male,HR,Analyst,15,24003,Chennai,Diploma,Yes,4
304,Ananya Khan,29,Male,Sales,Team Lead,1,54929,Bangalore,Post Graduate,Yes,2
305,Sai Sharma,42,Female,Sales,Executive,7,33452,Pune,Graduate,No,4
306,Sara Singh,30,Male,Finance,Manager,6,41096,Hyderabad,Post Graduate,No,3
307,Ishaan Khan,28,Female,IT,Team Lead,8,113084,Delhi,Post Graduate,No,1
308,Shaurya Sharma,60,Male,HR,Manager,1,72102,Delhi,Post Graduate,No,4
309,Reyansh Patel,36,Male,HR,Associate,4,54904,Hyderabad,Graduate,No,5
310,Shaurya Nair,57,Female,Finance,Manager,14,61758,Mumbai,Post Graduate,No,5
311,Reyansh Nair,47,Female,IT,Team Lead,4,107580,Delhi,Post Graduate,No,4
312,Vihaan Sharma,27,Male,Marketing,Executive,9,98774,Delhi,Diploma,No,4
313,Vivaan Sharma,26,Male,HR,Manager,11,68258,Pune,Diploma,Yes,5
314,Krishna Khan,56,Female,IT,Team Lead,14,118237,Bangalore,Diploma,No,4
315,Aarav Khan,24,Male,Finance,Associate,4,28563,Bangalore,Diploma,No,3
316,Anika Singh,55,Female,Sales,Manager,0,110351,Delhi,Diploma,No,1
317,Reyansh Khan,37,Female,Finance,Team Lead,14,98984,Hyderabad,Diploma,Yes,1
318,Myra Sharma,60,Female,Marketing,Team Lead,11,108861,Bangalore,Graduate,No,3
319,Sai Nair,47,Female,HR,Executive,8,77188,Mumbai,Diploma,Yes,1
320,Krishna Singh,32,Female,Marketing,Manager,7,105813,Pune,Diploma,No,2
321,Aarav Sharma,47,Male,Marketing,Team Lead,2,107617,Hyderabad,Post Graduate,Yes,5
322,Navya Patel,42,Male,Operations,Executive,1,22479,Mumbai,Diploma,Yes,1
323,Navya Sharma,50,Female,Marketing,Manager,12,54432,Pune,Post Graduate,No,5
324,Myra Patel,22,Male,Operations,Executive,0,38361,Hyderabad,Post Graduate,Yes,2
325,Sai Khan,41,Male,Sales,Executive,2,31552,Delhi,Graduate,No,5
326,Ishaan Patel,44,Female,Marketing,Executive,1,108939,Pune,Diploma,No,2
327,Saanvi Patel,51,Female,Sales,Analyst,6,96198,Mumbai,Diploma,Yes,5
328,Shaurya Khan,38,Female,IT,Associate,15,109517,Hyderabad,Diploma,No,2
329,Aditya Patel,32,Male,HR,Associate,13,115584,Mumbai,Graduate,No,5
330,Arjun Khan,45,Female,Finance,Manager,3,52456,Hyderabad,Graduate,No,1
331,Vivaan Khan,32,Female,Operations,Executive,15,50932,Pune,Diploma,No,2
332,Reyansh Patel,24,Male,Operations,Team Lead,12,102850,Pune,Graduate,Yes,1
333,Ishaan Nair,33,Female,Sales,Associate,15,87585,Delhi,Diploma,Yes,2
334,Saanvi Khan,58,Male,HR,Team Lead,13,68902,Pune,Post Graduate,Yes,1
335,Sara Singh,38,Male,Finance,Associate,6,88026,Bangalore,Graduate,No,4
336,Navya Sharma,55,Male,Operations,Executive,14,57958,Hyderabad,Post Graduate,Yes,4
337,Sara Singh,42,Female,Finance,Associate,5,83056,Pune,Diploma,Yes,5
338,Diya Sharma,49,Male,HR,Team Lead,12,34228,Chennai,Post Graduate,Yes,3
339,Ananya Singh,41,Female,Sales,Team Lead,12,47834,Bangalore,Post Graduate,Yes,3
340,Vivaan Nair,24,Female,Operations,Team Lead,0,49992,Mumbai,Post Graduate,Yes,4
341,Vihaan Nair,59,Male,IT,Executive,5,37091,Mumbai,Graduate,No,2
342,Ananya Patel,60,Male,IT,Team Lead,12,98774,Chennai,Graduate,No,5
343,Arjun Singh,28,Female,Operations,Executive,8,78861,Chennai,Diploma,No,4
344,Vihaan Khan,24,Female,Marketing,Manager,15,64679,Mumbai,Post Graduate,Yes,5
345,Aditya Singh,24,Female,HR,Executive,8,33142,Chennai,Post Graduate,No,5
346,Saanvi Singh,60,Male,Finance,Team Lead,4,93680,Chennai,Diploma,Yes,5
347,Aadhya Khan,31,Male,IT,Analyst,9,74393,Delhi,Post Graduate,No,3
348,Shaurya Sharma,52,Male,Marketing,Manager,3,86117,Pune,Diploma,Yes,2
349,Diya Patel,23,Male,HR,Executive,3,49172,Hyderabad,Graduate,No,5
350,Navya Patel,29,Female,HR,Executive,11,82371,Hyderabad,Diploma,No,5
351,Navya Singh,38,Female,IT,Associate,8,87865,Mumbai,Post Graduate,No,5
352,Ira Singh,31,Female,Finance,Executive,3,52658,Delhi,Graduate,No,2
353,Krishna Patel,36,Female,Operations,Associate,0,76684,Chennai,Post Graduate,Yes,3
354,Diya Nair,45,Female,IT,Team Lead,2,41517,Delhi,Post Graduate,Yes,3
355,Sai Singh,34,Female,Operations,Associate,6,88757,Delhi,Graduate,Yes,4
356,Aadhya Sharma,54,Female,Operations,Analyst,14,31803,Bangalore,Graduate,Yes,5
357,Pari Singh,24,Female,IT,Analyst,0,67908,Pune,Graduate,Yes,3
358,Aarav Singh,32,Female,Sales,Manager,0,38651,Delhi,Post Graduate,No,3
359,Anika Nair,35,Female,Sales,Associate,12,100382,Pune,Post Graduate,Yes,1
360,Pari Patel,26,Female,HR,Executive,4,60494,Mumbai,Post Graduate,No,2
361,Arjun Singh,56,Female,HR,Associate,3,101767,Mumbai,Diploma,Yes,3
362,Shaurya Singh,23,Female,Operations,Team Lead,12,23760,Delhi,Diploma,No,3
363,Myra Patel,60,Male,Finance,Team Lead,8,104710,Pune,Diploma,Yes,5
364,Saanvi Nair,32,Female,Finance,Manager,4,71044,Pune,Graduate,No,4
365,Navya Nair,56,Male,IT,Team Lead,11,110221,Bangalore,Post Graduate,Yes,5
366,Ira Patel,25,Female,Operations,Team Lead,11,72178,Chennai,Post Graduate,Yes,3
367,Navya Sharma,36,Female,Finance,Manager,1,100635,Mumbai,Graduate,No,3
368,Reyansh Singh,43,Female,Marketing,Manager,12,35956,Delhi,Post Graduate,No,3
369,Aarav Nair,48,Female,HR,Associate,9,32350,Delhi,Graduate,No,2
370,Vivaan Nair,47,Male,Operations,Analyst,2,110586,Mumbai,Diploma,Yes,2
371,Krishna Patel,43,Male,Operations,Team Lead,7,66035,Pune,Post Graduate,No,3
372,Aarav Nair,48,Male,HR,Manager,14,102110,Delhi,Diploma,Yes,5
373,Ira Patel,27,Male,Marketing,Team Lead,1,57379,Bangalore,Post Graduate,Yes,5
374,Ishaan Sharma,57,Male,Sales,Associate,2,54737,Hyderabad,Post Graduate,Yes,3
375,Anika Nair,45,Female,Operations,Executive,12,27485,Mumbai,Diploma,Yes,2
376,Arjun Nair,45,Male,IT,Executive,1,36646,Chennai,Diploma,Yes,2
377,Ananya Sharma,21,Male,Finance,Manager,8,41102,Chennai,Post Graduate,No,2
378,Saanvi Khan,49,Female,Operations,Team Lead,10,89782,Chennai,Post Graduate,No,3
379,Aarav Sharma,51,Female,Marketing,Team Lead,8,96997,Delhi,Post Graduate,Yes,2
380,Reyansh Patel,40,Female,IT,Manager,9,100781,Hyderabad,Diploma,No,4
381,Sara Patel,42,Male,Operations,Analyst,9,25922,Pune,Post Graduate,No,4
382,Vihaan Khan,51,Female,Finance,Executive,1,117850,Bangalore,Graduate,Yes,2
383,Reyansh Patel,51,Male,Finance,Manager,15,72150,Pune,Diploma,Yes,1
384,Anika Khan,42,Male,Sales,Associate,4,30340,Hyderabad,Diploma,No,5
385,Sai Singh,60,Male,Marketing,Executive,12,38129,Chennai,Graduate,Yes,3
386,Aadhya Singh,41,Male,Sales,Analyst,7,23809,Pune,Graduate,No,3
387,Sara Sharma,44,Male,HR,Executive,7,117510,Pune,Graduate,Yes,5
388,Anika Singh,51,Female,Sales,Analyst,8,76661,Chennai,Graduate,Yes,2
389,Aditya Singh,40,Male,IT,Manager,3,101659,Mumbai,Diploma,Yes,2
390,Anika Nair,30,Female,HR,Executive,0,103511,Mumbai,Graduate,Yes,1
391,Ira Khan,47,Female,Operations,Analyst,4,56302,Chennai,Diploma,No,4
392,Saanvi Singh,55,Male,Marketing,Team Lead,10,35557,Bangalore,Diploma,Yes,1
393,Pari Patel,34,Female,Finance,Analyst,1,94275,Hyderabad,Post Graduate,No,2
394,Ira Sharma,45,Male,IT,Analyst,11,54171,Mumbai,Diploma,Yes,3
395,Reyansh Singh,45,Female,IT,Associate,1,56853,Hyderabad,Diploma,Yes,5
396,Shaurya Singh,34,Female,Finance,Associate,2,47322,Bangalore,Post Graduate,No,1
397,Anika Khan,29,Male,Marketing,Executive,9,104600,Chennai,Diploma,No,2
398,Aditya Nair,42,Female,IT,Associate,14,91174,Chennai,Diploma,Yes,3
399,Sara Nair,55,Female,Sales,Manager,13,58667,Bangalore,Graduate,No,3
400,Aarav Patel,35,Male,Marketing,Analyst,10,20648,Mumbai,Diploma,No,5
401,Reyansh Khan,34,Male,Finance,Associate,2,118841,Bangalore,Post Graduate,Yes,5
402,Aarav Khan,53,Male,Sales,Analyst,5,52713,Mumbai,Post Graduate,Yes,1
403,Aarav Patel,24,Male,HR,Executive,5,90034,Mumbai,Diploma,No,1
404,Reyansh Sharma,24,Female,Sales,Associate,7,27702,Delhi,Post Graduate,Yes,3
405,Ananya Patel,55,Female,HR,Associate,12,59702,Hyderabad,Graduate,No,5
406,Pari Sharma,34,Male,Operations,Analyst,15,26484,Bangalore,Post Graduate,No,1
407,Ira Khan,48,Male,Marketing,Analyst,6,70483,Hyderabad,Diploma,No,4
408,Aditya Singh,33,Female,IT,Executive,7,23666,Hyderabad,Post Graduate,No,1
409,Aditya Singh,22,Female,Finance,Team Lead,2,47353,Hyderabad,Graduate,No,5
410,Ananya Nair,33,Female,HR,Executive,10,109956,Chennai,Diploma,Yes,1
411,Pari Khan,58,Female,Marketing,Associate,15,86969,Chennai,Post Graduate,No,4
412,Arjun Sharma,42,Female,Sales,Analyst,2,34102,Delhi,Diploma,Yes,1
413,Sara Nair,38,Male,Finance,Executive,0,57292,Mumbai,Graduate,No,5
414,Anika Khan,26,Male,IT,Team Lead,0,76672,Chennai,Diploma,Yes,2
415,Arjun Singh,39,Female,IT,Manager,4,94271,Delhi,Diploma,No,4
416,Pari Khan,50,Female,HR,Analyst,13,101854,Delhi,Post Graduate,Yes,3
417,Shaurya Sharma,42,Male,Sales,Manager,2,90071,Mumbai,Graduate,No,2
418,Sai Sharma,41,Male,Sales,Associate,3,110730,Pune,Post Graduate,No,5
419,Aditya Nair,36,Male,Marketing,Team Lead,5,51167,Pune,Graduate,No,5
420,Vihaan Patel,43,Male,Marketing,Manager,3,74368,Mumbai,Post Graduate,Yes,1
421,Arjun Singh,21,Female,Finance,Analyst,5,88859,Mumbai,Post Graduate,No,2
422,Shaurya Singh,31,Female,Sales,Executive,15,20092,Delhi,Post Graduate,Yes,5
423,Aarav Khan,45,Female,HR,Team Lead,2,75221,Pune,Diploma,Yes,4
424,Myra Singh,40,Female,Operations,Team Lead,15,67731,Delhi,Diploma,Yes,3
425,Aditya Khan,22,Male,IT,Associate,8,55963,Delhi,Graduate,Yes,1
426,Navya Sharma,42,Male,Finance,Analyst,15,76457,Chennai,Diploma,Yes,1
427,Anika Sharma,53,Female,Sales,Analyst,4,72016,Mumbai,Graduate,No,2
428,Reyansh Khan,60,Female,Marketing,Team Lead,10,95271,Bangalore,Graduate,No,4
429,Navya Nair,51,Female,Finance,Team Lead,14,86561,Chennai,Graduate,No,2
430,Aarav Singh,37,Male,Finance,Associate,11,51240,Mumbai,Diploma,Yes,5
431,Reyansh Khan,51,Male,IT,Executive,7,104017,Hyderabad,Graduate,No,5
432,Saanvi Patel,50,Male,Sales,Analyst,4,115178,Delhi,Graduate,No,5
433,Ishaan Nair,44,Female,Sales,Analyst,9,53699,Pune,Diploma,No,3
434,Aarav Khan,59,Female,Sales,Team Lead,1,101030,Hyderabad,Graduate,No,2
435,Navya Sharma,52,Female,Finance,Associate,14,94285,Mumbai,Post Graduate,No,2
436,Myra Sharma,55,Female,Marketing,Team Lead,6,64378,Delhi,Post Graduate,No,1
437,Navya Singh,32,Male,Finance,Manager,13,115633,Hyderabad,Graduate,No,2
438,Myra Patel,51,Female,IT,Associate,14,84934,Chennai,Diploma,Yes,5
439,Pari Singh,37,Female,HR,Analyst,13,86501,Bangalore,Diploma,No,5
440,Shaurya Patel,48,Female,HR,Manager,11,88317,Chennai,Post Graduate,No,1
441,Aditya Singh,43,Female,HR,Executive,5,84638,Hyderabad,Post Graduate,Yes,2
442,Vihaan Patel,24,Female,Marketing,Manager,1,40621,Bangalore,Diploma,Yes,5
443,Sai Khan,40,Male,Marketing,Executive,4,82148,Pune,Graduate,No,3
444,Krishna Singh,58,Male,Marketing,Analyst,7,30036,Hyderabad,Graduate,Yes,5
445,Aarav Khan,52,Female,Marketing,Analyst,6,23639,Delhi,Graduate,No,4
446,Ira Khan,54,Male,Marketing,Associate,14,81382,Chennai,Diploma,No,1
447,Vihaan Singh,37,Female,HR,Associate,13,72471,Delhi,Diploma,Yes,2
448,Krishna Khan,54,Female,HR,Manager,6,78086,Mumbai,Diploma,No,5
449,Vivaan Patel,31,Male,Operations,Team Lead,12,58316,Pune,Post Graduate,Yes,5
450,Aarav Khan,26,Male,HR,Team Lead,9,58529,Pune,Diploma,Yes,4
451,Myra Nair,57,Female,Sales,Manager,8,59292,Hyderabad,Diploma,Yes,1
452,Sara Khan,57,Male,Sales,Analyst,9,98210,Chennai,Graduate,No,3
453,Ishaan Patel,51,Male,HR,Team Lead,4,39726,Mumbai,Graduate,No,5
454,Diya Singh,33,Female,Operations,Team Lead,1,75533,Pune,Post Graduate,No,1
455,Shaurya Khan,43,Male,Operations,Analyst,15,84155,Mumbai,Graduate,No,5
456,Ira Khan,40,Male,Sales,Associate,7,70862,Delhi,Graduate,No,5
457,Pari Sharma,28,Female,HR,Associate,15,69192,Mumbai,Diploma,Yes,4
458,Ira Singh,53,Male,Operations,Manager,6,67285,Bangalore,Graduate,Yes,2
459,Myra Nair,47,Female,Sales,Associate,2,71942,Hyderabad,Post Graduate,No,1
460,Vivaan Patel,48,Male,Marketing,Team Lead,7,88640,Hyderabad,Diploma,No,1
461,Saanvi Nair,60,Male,Operations,Manager,7,79813,Delhi,Post Graduate,Yes,3
462,Diya Nair,32,Male,IT,Team Lead,0,110625,Pune,Post Graduate,No,1
463,Ishaan Nair,38,Female,Sales,Manager,2,52842,Mumbai,Post Graduate,No,1
464,Reyansh Nair,51,Male,Finance,Analyst,3,68197,Bangalore,Post Graduate,No,2
465,Aditya Sharma,58,Male,Operations,Team Lead,14,105304,Pune,Diploma,Yes,2
466,Sara Khan,45,Male,Finance,Team Lead,15,85145,Mumbai,Post Graduate,No,3
467,Anika Sharma,44,Male,Sales,Team Lead,14,107909,Chennai,Graduate,Yes,4
468,Aadhya Nair,55,Female,Marketing,Executive,5,93401,Bangalore,Graduate,No,5
469,Saanvi Khan,45,Female,Operations,Associate,10,91535,Chennai,Diploma,No,4
470,Shaurya Khan,60,Female,HR,Executive,9,109417,Delhi,Graduate,Yes,3
471,Anika Nair,35,Male,HR,Analyst,11,29694,Delhi,Diploma,No,2
472,Ira Sharma,34,Male,Marketing,Executive,4,115289,Mumbai,Graduate,No,4
473,Sai Patel,58,Female,Sales,Manager,11,37234,Pune,Post Graduate,No,4
474,Anika Khan,48,Male,Marketing,Manager,2,78228,Delhi,Post Graduate,Yes,2
475,Ishaan Singh,37,Female,Sales,Team Lead,13,110181,Hyderabad,Diploma,Yes,5
476,Pari Singh,38,Female,HR,Executive,7,83608,Hyderabad,Graduate,Yes,5
477,Diya Singh,52,Female,Finance,Manager,3,102915,Delhi,Diploma,Yes,2
478,Saanvi Nair,59,Female,Sales,Executive,2,82990,Pune,Post Graduate,No,5
479,Sai Nair,57,Male,IT,Analyst,2,45686,Pune,Diploma,Yes,1
480,Vivaan Singh,46,Female,Operations,Analyst,4,45508,Chennai,Post Graduate,No,4
481,Navya Nair,57,Female,Sales,Manager,6,61945,Chennai,Graduate,No,3
482,Myra Sharma,39,Female,Sales,Associate,5,61209,Hyderabad,Post Graduate,No,1
483,Shaurya Nair,33,Female,IT,Analyst,8,95026,Bangalore,Graduate,No,1
484,Myra Sharma,25,Male,Operations,Manager,1,106411,Bangalore,Post Graduate,Yes,1
485,Ishaan Singh,58,Male,Sales,Team Lead,7,39493,Pune,Post Graduate,No,1
486,Saanvi Nair,57,Male,Finance,Analyst,6,68008,Hyderabad,Graduate,No,4
487,Sara Nair,24,Male,Finance,Manager,6,77841,Pune,Post Graduate,Yes,1
488,Sai Patel,24,Male,Operations,Team Lead,7,56229,Pune,Post Graduate,No,2
489,Sai Patel,42,Female,Marketing,Team Lead,15,57435,Mumbai,Diploma,No,3
490,Vivaan Sharma,37,Male,Sales,Manager,6,48008,Hyderabad,Graduate,No,5
491,Krishna Khan,52,Female,IT,Manager,7,82918,Chennai,Post Graduate,No,2
492,Aarav Singh,26,Female,Operations,Manager,12,64988,Mumbai,Diploma,No,2
493,Vivaan Khan,44,Female,IT,Executive,1,42084,Delhi,Post Graduate,Yes,3
494,Sai Sharma,52,Female,HR,Associate,8,101277,Delhi,Post Graduate,No,1
495,Arjun Patel,30,Female,Operations,Team Lead,14,86638,Chennai,Diploma,No,2
496,Sai Patel,24,Male,Operations,Manager,7,114678,Mumbai,Graduate,Yes,3
497,Reyansh Nair,24,Female,IT,Manager,15,20143,Pune,Graduate,Yes,5
498,Ishaan Singh,28,Male,HR,Team Lead,13,90174,Bangalore,Graduate,No,2
499,Reyansh Patel,26,Male,IT,Analyst,8,49404,Hyderabad,Post Graduate,Yes,2
500,Diya Sharma,28,Female,Marketing,Executive,1,51382,Hyderabad,Graduate,Yes,5
